ICEberg|160_IME|gi|7574689465|ref|WP_049784636.1||MerR|family|transcriptional|regulator|[Acidithiobacillus|caldus|SM-1]	NZ_CP038023.1	28.682	129	90	1	11	139	71694	71314	1.98e-16	67.8
ICEberg|160_IME|gi|7574689467|ref|WP_014002600.1||mercury(II)|reductase|[Acidithiobacillus|caldus|SM-1]	NZ_CP038023.1	39.683	63	38	0	5	67	55457	55645	3.35e-07	45.1
ICEberg|160_IME|gi|7574689471|ref|WP_082177288.1||MerR|family|transcriptional|regulator|[Acidithiobacillus|caldus|SM-1]	NZ_CP038023.1	27.536	138	94	4	1	133	71697	71287	5.74e-09	46.2
ICEberg|160_IME|gi|7574689495|ref|WP_041636105.1||heavy|metal-responsive|transcriptional|regulator|[Acidithiobacillus|caldus|SM-1]	NZ_CP038023.1	30.435	115	80	0	1	115	71703	71359	2.7e-12	55.1
ICEberg|172_IME|gi|7459628413|ref|ERP70933.1||mercuric|transport|protein|periplasmic|component|[Vibrio|cholerae|HC-36A1]	NZ_CP038023.1	34.375	64	41	1	23	86	55451	55639	2.42e-08	42.0
ICEberg|172_IME|gi|7459628413|ref|ERP70933.1||mercuric|transport|protein|periplasmic|component|[Vibrio|cholerae|HC-36A1]	NZ_CP038023.1	35.938	64	40	1	26	89	55256	55444	6.01e-08	40.8
ICEberg|172_IME|gi|7459628414|ref|ERP70934.1||mercuric|reductase|[Vibrio|cholerae|HC-36A1]	NZ_CP038023.1	31.915	94	63	1	9	101	55259	55540	1.82e-07	45.8
ICEberg|172_IME|gi|7459628415|ref|ERP70935.1||resolvase,|N|terminal|domain|protein|[Vibrio|cholerae|HC-36A1]	NZ_CP038023.1	31.452	124	80	2	4	124	78417	78052	2e-08	44.3
ICEberg|172_IME|gi|7459628439|ref|ERP70959.1||transposase|[Vibrio|cholerae|HC-36A1]	NZ_CP038023.1	32.456	228	150	2	38	261	63138	63821	8.020000000000001e-37	131.0
ICEberg|172_IME|gi|7459628439|ref|ERP70959.1||transposase|[Vibrio|cholerae|HC-36A1]	NZ_CP038023.1	29.885	174	115	2	38	207	62507	63019	7.720000000000001e-22	87.4
ICEberg|172_IME|gi|7459628445|ref|ERP70965.1||N-6|DNA|Methylase|family|protein|[Vibrio|cholerae|HC-36A1]	NZ_CP038023.1	23.529	119	69	3	269	378	5287	4970	9.31e-07	43.5
ICEberg|196_IME|gi|4144747397|ref|AIG56540.1||resolvase|[Proteus|mirabilis]	NZ_CP038023.1	34.759	187	114	4	3	185	78594	78046	2.18e-20	80.5
ICEberg|196_IME|gi|4144747407|ref|AIG56550.1||TnpR|resolvase|[Proteus|mirabilis]	NZ_CP038023.1	29.891	184	116	3	5	180	78585	78049	4.58e-22	85.1
ICEberg|196_IME|gi|4144747409|ref|AIG56552.1||Tn21|MerR|[Proteus|mirabilis]	NZ_CP038023.1	32.759	116	76	1	4	117	71709	71362	8.91e-16	65.5
ICEberg|196_IME|gi|4144747415|ref|AIG56558.1||IS26|transposase|[Proteus|mirabilis]	NZ_CP038023.1	85.345	232	34	0	1	232	63776	63081	2.1899999999999998e-139	424.0
ICEberg|196_IME|gi|4144747415|ref|AIG56558.1||IS26|transposase|[Proteus|mirabilis]	NZ_CP038023.1	82.292	192	34	0	41	232	63025	62450	5.63e-110	339.0
ICEberg|196_IME|gi|4144747415|ref|AIG56558.1||IS26|transposase|[Proteus|mirabilis]	NZ_CP038023.1	83.2	125	21	0	108	232	61175	60801	1.08e-68	221.0
ICEberg|196_IME|gi|4144747415|ref|AIG56558.1||IS26|transposase|[Proteus|mirabilis]	NZ_CP038023.1	70.492	61	16	1	142	200	40794	40976	3.22e-22	87.4
ICEberg|196_IME|gi|4144747417|ref|AIG56560.1||IS26|transposase|[Proteus|mirabilis]	NZ_CP038023.1	85.345	232	34	0	1	232	63776	63081	2.1899999999999998e-139	424.0
ICEberg|196_IME|gi|4144747417|ref|AIG56560.1||IS26|transposase|[Proteus|mirabilis]	NZ_CP038023.1	82.292	192	34	0	41	232	63025	62450	5.63e-110	339.0
ICEberg|196_IME|gi|4144747417|ref|AIG56560.1||IS26|transposase|[Proteus|mirabilis]	NZ_CP038023.1	83.2	125	21	0	108	232	61175	60801	1.08e-68	221.0
ICEberg|196_IME|gi|4144747417|ref|AIG56560.1||IS26|transposase|[Proteus|mirabilis]	NZ_CP038023.1	70.492	61	16	1	142	200	40794	40976	3.22e-22	87.4
ICEberg|196_IME|gi|4144747425|ref|AIG56568.1||resolvase|[Proteus|mirabilis]	NZ_CP038023.1	31.217	189	118	4	3	188	78588	78049	1.08e-19	79.0
ICEberg|196_IME|gi|4144747429|ref|AIG56572.1||mercuric|ion|reductase|[Proteus|mirabilis]	NZ_CP038023.1	32.258	62	42	0	3	64	55460	55645	4.62e-08	47.8
ICEberg|196_IME|gi|4144747433|ref|AIG56575.1||MerR|regulatory|protein|[Proteus|mirabilis]	NZ_CP038023.1	32.759	116	76	1	4	117	71709	71362	5.85e-17	68.9
ICEberg|196_IME|gi|4144747434|ref|AIG56576.1||resolvase|[Proteus|mirabilis]	NZ_CP038023.1	51.064	188	90	1	1	186	78603	78040	8.14e-57	184.0
ICEberg|196_IME|gi|4144747440|ref|AIG56582.1||resolvase|[Proteus|mirabilis]	NZ_CP038023.1	51.351	185	88	1	1	183	78603	78049	7.76e-55	179.0
ICEberg|196_IME|gi|4144747454|ref|AIG56596.1||resolvase|[Proteus|mirabilis]	NZ_CP038023.1	34.161	161	105	1	5	164	78534	78052	5e-17	70.5
ICEberg|196_IME|gi|4144747455|ref|AIG56597.1||IS26|transposase|[Proteus|mirabilis]	NZ_CP038023.1	85.345	232	34	0	1	232	63776	63081	2.1899999999999998e-139	424.0
ICEberg|196_IME|gi|4144747455|ref|AIG56597.1||IS26|transposase|[Proteus|mirabilis]	NZ_CP038023.1	82.292	192	34	0	41	232	63025	62450	5.63e-110	339.0
ICEberg|196_IME|gi|4144747455|ref|AIG56597.1||IS26|transposase|[Proteus|mirabilis]	NZ_CP038023.1	83.2	125	21	0	108	232	61175	60801	1.08e-68	221.0
ICEberg|196_IME|gi|4144747455|ref|AIG56597.1||IS26|transposase|[Proteus|mirabilis]	NZ_CP038023.1	70.492	61	16	1	142	200	40794	40976	3.22e-22	87.4
ICEberg|197_IME|gi|7343282914|ref|ANA09812.1||resolvase|[Proteus|mirabilis]	NZ_CP038023.1	34.759	187	114	4	3	185	78594	78046	2.18e-20	80.5
ICEberg|197_IME|gi|7343282921|ref|ANA09819.1||resolvase|[Proteus|mirabilis]	NZ_CP038023.1	51.064	188	90	1	1	186	78603	78040	8.14e-57	184.0
ICEberg|197_IME|gi|7343282922|ref|ANA09820.1||MerR|regulatory|protein|(repressor/inducer)|[Proteus|mirabilis]	NZ_CP038023.1	32.759	116	76	1	4	117	71709	71362	5.85e-17	68.9
ICEberg|197_IME|gi|7343282925|ref|ANA09823.1||mercuric|ion|reductase|[Proteus|mirabilis]	NZ_CP038023.1	32.258	62	42	0	3	64	55460	55645	4.62e-08	47.8
ICEberg|197_IME|gi|7343282929|ref|ANA09827.1||resolvase|[Proteus|mirabilis]	NZ_CP038023.1	31.217	189	118	4	3	188	78588	78049	1.08e-19	79.0
ICEberg|198_IME|gi|7191581129|ref|AJD76972.1||TnpR|[Proteus|mirabilis]	NZ_CP038023.1	34.759	187	114	4	3	185	78594	78046	2.18e-20	80.5
ICEberg|198_IME|gi|7191581158|ref|AJD76993.1||TnpR|[Proteus|mirabilis]	NZ_CP038023.1	51.064	188	90	1	1	186	78603	78040	8.14e-57	184.0
ICEberg|198_IME|gi|7191581159|ref|AJD76994.1||MerR|[Proteus|mirabilis]	NZ_CP038023.1	32.759	116	76	1	4	117	71709	71362	5.85e-17	68.9
ICEberg|198_IME|gi|7191581163|ref|AJD76998.1||MerA|[Proteus|mirabilis]	NZ_CP038023.1	32.258	62	42	0	3	64	55460	55645	4.62e-08	47.8
ICEberg|198_IME|gi|7191581166|ref|AJD77001.1||TniR|[Proteus|mirabilis]	NZ_CP038023.1	31.217	189	118	4	3	188	78588	78049	1.08e-19	79.0
ICEberg|199_IME|gi|7466545159|ref|AVE17455.1||IS26|transposase|[Proteus|mirabilis]	NZ_CP038023.1	84.615	234	36	0	1	234	63776	63075	1.19e-139	424.0
ICEberg|199_IME|gi|7466545159|ref|AVE17455.1||IS26|transposase|[Proteus|mirabilis]	NZ_CP038023.1	81.443	194	36	0	41	234	63025	62444	2.25e-110	340.0
ICEberg|199_IME|gi|7466545159|ref|AVE17455.1||IS26|transposase|[Proteus|mirabilis]	NZ_CP038023.1	81.89	127	23	0	108	234	61175	60795	4.87e-69	222.0
ICEberg|199_IME|gi|7466545159|ref|AVE17455.1||IS26|transposase|[Proteus|mirabilis]	NZ_CP038023.1	70.492	61	16	1	142	200	40794	40976	1.79e-22	88.2
ICEberg|199_IME|gi|7466545162|ref|AVE17459.1||IS26|transposase|[Proteus|mirabilis]	NZ_CP038023.1	84.615	234	36	0	1	234	63776	63075	1.91e-139	424.0
ICEberg|199_IME|gi|7466545162|ref|AVE17459.1||IS26|transposase|[Proteus|mirabilis]	NZ_CP038023.1	81.443	194	36	0	41	234	63025	62444	4.6400000000000006e-110	339.0
ICEberg|199_IME|gi|7466545162|ref|AVE17459.1||IS26|transposase|[Proteus|mirabilis]	NZ_CP038023.1	81.89	127	23	0	108	234	61175	60795	7.38e-69	221.0
ICEberg|199_IME|gi|7466545162|ref|AVE17459.1||IS26|transposase|[Proteus|mirabilis]	NZ_CP038023.1	70.492	61	16	1	142	200	40794	40976	3.26e-22	87.4
ICEberg|199_IME|gi|7466545164|ref|AVE17456.1||IS26|transposase|[Proteus|mirabilis]	NZ_CP038023.1	84.615	234	36	0	1	234	63776	63075	1.91e-139	424.0
ICEberg|199_IME|gi|7466545164|ref|AVE17456.1||IS26|transposase|[Proteus|mirabilis]	NZ_CP038023.1	81.443	194	36	0	41	234	63025	62444	4.6400000000000006e-110	339.0
ICEberg|199_IME|gi|7466545164|ref|AVE17456.1||IS26|transposase|[Proteus|mirabilis]	NZ_CP038023.1	81.89	127	23	0	108	234	61175	60795	7.38e-69	221.0
ICEberg|199_IME|gi|7466545164|ref|AVE17456.1||IS26|transposase|[Proteus|mirabilis]	NZ_CP038023.1	70.492	61	16	1	142	200	40794	40976	3.26e-22	87.4
ICEberg|199_IME|gi|7466545168|ref|AVE17463.1||hypothetical|protein|[Proteus|mirabilis]	NZ_CP038023.1	43.096	239	132	3	10	244	63791	63075	5.46e-53	176.0
ICEberg|199_IME|gi|7466545168|ref|AVE17463.1||hypothetical|protein|[Proteus|mirabilis]	NZ_CP038023.1	38.66	194	115	3	55	244	63025	62444	4.3e-33	119.0
ICEberg|199_IME|gi|7466545168|ref|AVE17463.1||hypothetical|protein|[Proteus|mirabilis]	NZ_CP038023.1	33.594	128	81	3	120	244	61175	60795	3.2e-11	55.5
ICEberg|199_IME|gi|7466545180|ref|AVE17476.1||transposase|[Proteus|mirabilis]	NZ_CP038023.1	99.573	234	1	0	1	234	63776	63075	4.31e-162	489.0
ICEberg|199_IME|gi|7466545180|ref|AVE17476.1||transposase|[Proteus|mirabilis]	NZ_CP038023.1	89.691	194	20	0	41	234	63025	62444	1.66e-120	369.0
ICEberg|199_IME|gi|7466545180|ref|AVE17476.1||transposase|[Proteus|mirabilis]	NZ_CP038023.1	99.213	127	1	0	108	234	61175	60795	5.48e-84	265.0
ICEberg|199_IME|gi|7466545180|ref|AVE17476.1||transposase|[Proteus|mirabilis]	NZ_CP038023.1	83.607	61	8	1	142	200	40794	40976	3.5700000000000005e-27	101.0
ICEberg|199_IME|gi|7466545182|ref|AVE17478.1||resolvase|of|Tn21|[Proteus|mirabilis]	NZ_CP038023.1	50.532	188	91	1	1	186	78603	78040	2.3800000000000003e-56	183.0
ICEberg|199_IME|gi|7466545191|ref|AVE17485.1||transposase|of|IS6100|[Proteus|mirabilis]	NZ_CP038023.1	66.102	236	76	3	11	244	63776	63075	9.71e-102	317.0
ICEberg|199_IME|gi|7466545191|ref|AVE17485.1||transposase|of|IS6100|[Proteus|mirabilis]	NZ_CP038023.1	63.265	196	68	3	51	244	63025	62444	2.7800000000000003e-77	247.0
ICEberg|199_IME|gi|7466545191|ref|AVE17485.1||transposase|of|IS6100|[Proteus|mirabilis]	NZ_CP038023.1	59.055	127	49	2	119	244	61169	60795	2.7899999999999998e-42	146.0
ICEberg|199_IME|gi|7466545191|ref|AVE17485.1||transposase|of|IS6100|[Proteus|mirabilis]	NZ_CP038023.1	52.459	61	27	1	151	209	40794	40976	8.36e-13	60.5
ICEberg|199_IME|gi|7466545193|ref|AVE17488.1||hypothetical|protein|[Proteus|mirabilis]	NZ_CP038023.1	36.296	135	84	1	153	285	84701	84297	6.0700000000000006e-27	102.0
ICEberg|200_IME|gi|7388924646|ref|ACH85859.1||putative|transposase|protein|[Salmonella|enterica|subsp.|enterica|serovar|Kentucky]	NZ_CP038023.1	84.615	234	36	0	1	234	63776	63075	1.91e-139	424.0
ICEberg|200_IME|gi|7388924646|ref|ACH85859.1||putative|transposase|protein|[Salmonella|enterica|subsp.|enterica|serovar|Kentucky]	NZ_CP038023.1	81.443	194	36	0	41	234	63025	62444	4.6400000000000006e-110	339.0
ICEberg|200_IME|gi|7388924646|ref|ACH85859.1||putative|transposase|protein|[Salmonella|enterica|subsp.|enterica|serovar|Kentucky]	NZ_CP038023.1	81.89	127	23	0	108	234	61175	60795	7.38e-69	221.0
ICEberg|200_IME|gi|7388924646|ref|ACH85859.1||putative|transposase|protein|[Salmonella|enterica|subsp.|enterica|serovar|Kentucky]	NZ_CP038023.1	70.492	61	16	1	142	200	40794	40976	3.26e-22	87.4
ICEberg|200_IME|gi|7388924650|ref|ACH85863.1||putative|transposase|protein|[Salmonella|enterica|subsp.|enterica|serovar|Kentucky]	NZ_CP038023.1	85.864	191	27	0	1	191	63776	63204	1.04e-115	353.0
ICEberg|200_IME|gi|7388924650|ref|ACH85863.1||putative|transposase|protein|[Salmonella|enterica|subsp.|enterica|serovar|Kentucky]	NZ_CP038023.1	82.119	151	27	0	41	191	63025	62573	1.81e-86	270.0
ICEberg|200_IME|gi|7388924650|ref|ACH85863.1||putative|transposase|protein|[Salmonella|enterica|subsp.|enterica|serovar|Kentucky]	NZ_CP038023.1	83.333	84	14	0	108	191	61175	60924	3.47e-45	151.0
ICEberg|200_IME|gi|7388924650|ref|ACH85863.1||putative|transposase|protein|[Salmonella|enterica|subsp.|enterica|serovar|Kentucky]	NZ_CP038023.1	74.0	50	13	0	142	191	40794	40943	8.66e-20	79.0
ICEberg|201_IME|gi|8319552345|ref|ACH85865.1||putative|transposase|protein|[Salmonella|enterica|subsp.|enterica|serovar|Kentucky]	NZ_CP038023.1	85.864	191	27	0	1	191	63776	63204	1.04e-115	353.0
ICEberg|201_IME|gi|8319552345|ref|ACH85865.1||putative|transposase|protein|[Salmonella|enterica|subsp.|enterica|serovar|Kentucky]	NZ_CP038023.1	82.119	151	27	0	41	191	63025	62573	1.81e-86	270.0
ICEberg|201_IME|gi|8319552345|ref|ACH85865.1||putative|transposase|protein|[Salmonella|enterica|subsp.|enterica|serovar|Kentucky]	NZ_CP038023.1	83.333	84	14	0	108	191	61175	60924	3.47e-45	151.0
ICEberg|201_IME|gi|8319552345|ref|ACH85865.1||putative|transposase|protein|[Salmonella|enterica|subsp.|enterica|serovar|Kentucky]	NZ_CP038023.1	74.0	50	13	0	142	191	40794	40943	8.66e-20	79.0
ICEberg|201_IME|gi|8319552346|ref|ACH85866.1||putative|transposase|protein|[Salmonella|enterica|subsp.|enterica|serovar|Kentucky]	NZ_CP038023.1	82.286	175	31	0	3	177	63599	63075	4.38e-100	308.0
ICEberg|201_IME|gi|8319552346|ref|ACH85866.1||putative|transposase|protein|[Salmonella|enterica|subsp.|enterica|serovar|Kentucky]	NZ_CP038023.1	80.571	175	34	0	3	177	62968	62444	2.7599999999999998e-98	303.0
ICEberg|201_IME|gi|8319552346|ref|ACH85866.1||putative|transposase|protein|[Salmonella|enterica|subsp.|enterica|serovar|Kentucky]	NZ_CP038023.1	81.89	127	23	0	51	177	61175	60795	1.17e-69	221.0
ICEberg|201_IME|gi|8319552346|ref|ACH85866.1||putative|transposase|protein|[Salmonella|enterica|subsp.|enterica|serovar|Kentucky]	NZ_CP038023.1	70.492	61	16	1	85	143	40794	40976	5.47e-23	87.4
ICEberg|202_IME|gi|6686455963|ref|ACH85868.1||putative|transposase|protein|[Salmonella|enterica|subsp.|enterica|serovar|Kentucky]	NZ_CP038023.1	84.615	234	36	0	1	234	63776	63075	1.91e-139	424.0
ICEberg|202_IME|gi|6686455963|ref|ACH85868.1||putative|transposase|protein|[Salmonella|enterica|subsp.|enterica|serovar|Kentucky]	NZ_CP038023.1	81.443	194	36	0	41	234	63025	62444	4.6400000000000006e-110	339.0
ICEberg|202_IME|gi|6686455963|ref|ACH85868.1||putative|transposase|protein|[Salmonella|enterica|subsp.|enterica|serovar|Kentucky]	NZ_CP038023.1	81.89	127	23	0	108	234	61175	60795	7.38e-69	221.0
ICEberg|202_IME|gi|6686455963|ref|ACH85868.1||putative|transposase|protein|[Salmonella|enterica|subsp.|enterica|serovar|Kentucky]	NZ_CP038023.1	70.492	61	16	1	142	200	40794	40976	3.26e-22	87.4
ICEberg|202_IME|gi|6686455965|ref|ACH85870.1||putative|transposase|protein|[Salmonella|enterica|subsp.|enterica|serovar|Kentucky]	NZ_CP038023.1	82.979	141	24	0	1	141	63503	63081	4.37e-80	249.0
ICEberg|202_IME|gi|6686455965|ref|ACH85870.1||putative|transposase|protein|[Salmonella|enterica|subsp.|enterica|serovar|Kentucky]	NZ_CP038023.1	80.42	143	28	0	1	143	62872	62444	1.06e-78	245.0
ICEberg|202_IME|gi|6686455965|ref|ACH85870.1||putative|transposase|protein|[Salmonella|enterica|subsp.|enterica|serovar|Kentucky]	NZ_CP038023.1	81.89	127	23	0	17	143	61175	60795	7.71e-71	223.0
ICEberg|202_IME|gi|6686455965|ref|ACH85870.1||putative|transposase|protein|[Salmonella|enterica|subsp.|enterica|serovar|Kentucky]	NZ_CP038023.1	70.492	61	16	1	51	109	40794	40976	4.38e-24	89.4
ICEberg|203_IME|gi|5188267615|ref|ACH85872.1||putative|transposase|protein|[Salmonella|enterica|subsp.|enterica|serovar|Kentucky]	NZ_CP038023.1	82.418	182	32	0	1	182	63620	63075	9.94e-105	322.0
ICEberg|203_IME|gi|5188267615|ref|ACH85872.1||putative|transposase|protein|[Salmonella|enterica|subsp.|enterica|serovar|Kentucky]	NZ_CP038023.1	81.319	182	34	0	1	182	62989	62444	9.39e-104	319.0
ICEberg|203_IME|gi|5188267615|ref|ACH85872.1||putative|transposase|protein|[Salmonella|enterica|subsp.|enterica|serovar|Kentucky]	NZ_CP038023.1	81.89	127	23	0	56	182	61175	60795	1.1399999999999999e-69	221.0
ICEberg|203_IME|gi|5188267615|ref|ACH85872.1||putative|transposase|protein|[Salmonella|enterica|subsp.|enterica|serovar|Kentucky]	NZ_CP038023.1	70.492	61	16	1	90	148	40794	40976	6.279999999999999e-23	87.4
ICEberg|204_IME|gi|6367947891|ref|AAK02044.1||resolvase|[Salmonella|enterica|subsp.|enterica|serovar|Typhimurium]	NZ_CP038023.1	35.294	187	113	4	3	185	78594	78046	9.310000000000001e-21	81.6
ICEberg|204_IME|gi|6367947907|ref|AAG03007.1||transposase|[Salmonella|enterica|subsp.|enterica|serovar|Typhimurium]	NZ_CP038023.1	66.102	236	76	3	11	244	63776	63075	9.71e-102	317.0
ICEberg|204_IME|gi|6367947907|ref|AAG03007.1||transposase|[Salmonella|enterica|subsp.|enterica|serovar|Typhimurium]	NZ_CP038023.1	63.265	196	68	3	51	244	63025	62444	2.7800000000000003e-77	247.0
ICEberg|204_IME|gi|6367947907|ref|AAG03007.1||transposase|[Salmonella|enterica|subsp.|enterica|serovar|Typhimurium]	NZ_CP038023.1	59.055	127	49	2	119	244	61169	60795	2.7899999999999998e-42	146.0
ICEberg|204_IME|gi|6367947907|ref|AAG03007.1||transposase|[Salmonella|enterica|subsp.|enterica|serovar|Typhimurium]	NZ_CP038023.1	52.459	61	27	1	151	209	40794	40976	8.36e-13	60.5
ICEberg|206_IME|gi|9759776639|ref|AOG18019.1||resolvase|[Proteus|mirabilis]	NZ_CP038023.1	35.294	187	113	4	3	185	78594	78046	9.310000000000001e-21	81.6
ICEberg|206_IME|gi|9759776646|ref|AOG17994.1||IS6100|transposase|[Proteus|mirabilis]	NZ_CP038023.1	66.102	236	76	3	11	244	63776	63075	9.71e-102	317.0
ICEberg|206_IME|gi|9759776646|ref|AOG17994.1||IS6100|transposase|[Proteus|mirabilis]	NZ_CP038023.1	63.265	196	68	3	51	244	63025	62444	2.7800000000000003e-77	247.0
ICEberg|206_IME|gi|9759776646|ref|AOG17994.1||IS6100|transposase|[Proteus|mirabilis]	NZ_CP038023.1	59.055	127	49	2	119	244	61169	60795	2.7899999999999998e-42	146.0
ICEberg|206_IME|gi|9759776646|ref|AOG17994.1||IS6100|transposase|[Proteus|mirabilis]	NZ_CP038023.1	52.459	61	27	1	151	209	40794	40976	8.36e-13	60.5
ICEberg|209_IME|gi|3566857325|ref|AMQ95866.1||ResG|[Salmonella|enterica|subsp.|enterica|serovar|Cerro]	NZ_CP038023.1	35.294	187	113	4	3	185	78594	78046	9.310000000000001e-21	81.6
ICEberg|209_IME|gi|3566857341|ref|AMQ95882.1||Tnp6100|[Salmonella|enterica|subsp.|enterica|serovar|Cerro]	NZ_CP038023.1	66.102	236	76	3	11	244	63776	63075	9.71e-102	317.0
ICEberg|209_IME|gi|3566857341|ref|AMQ95882.1||Tnp6100|[Salmonella|enterica|subsp.|enterica|serovar|Cerro]	NZ_CP038023.1	63.265	196	68	3	51	244	63025	62444	2.7800000000000003e-77	247.0
ICEberg|209_IME|gi|3566857341|ref|AMQ95882.1||Tnp6100|[Salmonella|enterica|subsp.|enterica|serovar|Cerro]	NZ_CP038023.1	59.055	127	49	2	119	244	61169	60795	2.7899999999999998e-42	146.0
ICEberg|209_IME|gi|3566857341|ref|AMQ95882.1||Tnp6100|[Salmonella|enterica|subsp.|enterica|serovar|Cerro]	NZ_CP038023.1	52.459	61	27	1	151	209	40794	40976	8.36e-13	60.5
ICEberg|212_IME|gi|6949894863|ref|AIW55426.1||resolvase|[Proteus|mirabilis]	NZ_CP038023.1	35.294	187	113	4	3	185	78594	78046	9.310000000000001e-21	81.6
ICEberg|212_IME|gi|6949894880|ref|AIW55441.1||transposase|[Proteus|mirabilis]	NZ_CP038023.1	66.102	236	76	3	11	244	63776	63075	9.71e-102	317.0
ICEberg|212_IME|gi|6949894880|ref|AIW55441.1||transposase|[Proteus|mirabilis]	NZ_CP038023.1	63.265	196	68	3	51	244	63025	62444	2.7800000000000003e-77	247.0
ICEberg|212_IME|gi|6949894880|ref|AIW55441.1||transposase|[Proteus|mirabilis]	NZ_CP038023.1	59.055	127	49	2	119	244	61169	60795	2.7899999999999998e-42	146.0
ICEberg|212_IME|gi|6949894880|ref|AIW55441.1||transposase|[Proteus|mirabilis]	NZ_CP038023.1	52.459	61	27	1	151	209	40794	40976	8.36e-13	60.5
ICEberg|212_IME|gi|4267491501|ref|AMP35660.1||ResG|[Salmonella|enterica]	NZ_CP038023.1	35.294	187	113	4	3	185	78594	78046	9.310000000000001e-21	81.6
ICEberg|212_IME|gi|4267491517|ref|AMP35675.1||transposase|[Salmonella|enterica]	NZ_CP038023.1	66.102	236	76	3	11	244	63776	63075	9.71e-102	317.0
ICEberg|212_IME|gi|4267491517|ref|AMP35675.1||transposase|[Salmonella|enterica]	NZ_CP038023.1	63.265	196	68	3	51	244	63025	62444	2.7800000000000003e-77	247.0
ICEberg|212_IME|gi|4267491517|ref|AMP35675.1||transposase|[Salmonella|enterica]	NZ_CP038023.1	59.055	127	49	2	119	244	61169	60795	2.7899999999999998e-42	146.0
ICEberg|212_IME|gi|4267491517|ref|AMP35675.1||transposase|[Salmonella|enterica]	NZ_CP038023.1	52.459	61	27	1	151	209	40794	40976	8.36e-13	60.5
ICEberg|213_IME|gi|7492389937|ref|AIG88682.1||ResG|[Salmonella|enterica|subsp.|enterica|serovar|Kentucky]	NZ_CP038023.1	35.294	187	113	4	3	185	78594	78046	9.310000000000001e-21	81.6
ICEberg|213_IME|gi|7492389943|ref|ACX47960.1||tnp6100|[Salmonella|enterica|subsp.|enterica|serovar|Kentucky]	NZ_CP038023.1	66.525	236	75	3	11	244	63776	63075	5.890000000000001e-103	320.0
ICEberg|213_IME|gi|7492389943|ref|ACX47960.1||tnp6100|[Salmonella|enterica|subsp.|enterica|serovar|Kentucky]	NZ_CP038023.1	63.776	196	67	3	51	244	63025	62444	1.61e-78	250.0
ICEberg|213_IME|gi|7492389943|ref|ACX47960.1||tnp6100|[Salmonella|enterica|subsp.|enterica|serovar|Kentucky]	NZ_CP038023.1	59.055	127	49	2	119	244	61169	60795	2.01e-42	147.0
ICEberg|213_IME|gi|7492389943|ref|ACX47960.1||tnp6100|[Salmonella|enterica|subsp.|enterica|serovar|Kentucky]	NZ_CP038023.1	52.459	61	27	1	151	209	40794	40976	8.14e-13	60.5
ICEberg|213_IME|gi|7492389948|ref|ABQ57373.1||MerP|[Salmonella|enterica|subsp.|enterica|serovar|Kentucky]	NZ_CP038023.1	40.0	60	35	1	26	85	55259	55435	1.45e-07	39.7
ICEberg|213_IME|gi|7492389950|ref|ACK44535.1||MerR|[Salmonella|enterica|subsp.|enterica|serovar|Kentucky]	NZ_CP038023.1	32.759	116	76	1	4	117	71709	71362	8.91e-16	65.5
ICEberg|213_IME|gi|7492389956|ref|ACK44541.1||Tnp26|[Salmonella|enterica|subsp.|enterica|serovar|Kentucky]	NZ_CP038023.1	84.615	234	36	0	1	234	63776	63075	1.91e-139	424.0
ICEberg|213_IME|gi|7492389956|ref|ACK44541.1||Tnp26|[Salmonella|enterica|subsp.|enterica|serovar|Kentucky]	NZ_CP038023.1	81.443	194	36	0	41	234	63025	62444	4.6400000000000006e-110	339.0
ICEberg|213_IME|gi|7492389956|ref|ACK44541.1||Tnp26|[Salmonella|enterica|subsp.|enterica|serovar|Kentucky]	NZ_CP038023.1	81.89	127	23	0	108	234	61175	60795	7.38e-69	221.0
ICEberg|213_IME|gi|7492389956|ref|ACK44541.1||Tnp26|[Salmonella|enterica|subsp.|enterica|serovar|Kentucky]	NZ_CP038023.1	70.492	61	16	1	142	200	40794	40976	3.26e-22	87.4
ICEberg|213_IME|gi|7492389957|ref|ACK44544.1||Tn2|resolvase|[Salmonella|enterica|subsp.|enterica|serovar|Kentucky]	NZ_CP038023.1	29.891	184	116	3	5	180	78585	78049	4.58e-22	85.1
ICEberg|213_IME|gi|7492389959|ref|ACK44543.1||Tnp26|[Salmonella|enterica|subsp.|enterica|serovar|Kentucky]	NZ_CP038023.1	84.615	234	36	0	1	234	63776	63075	1.91e-139	424.0
ICEberg|213_IME|gi|7492389959|ref|ACK44543.1||Tnp26|[Salmonella|enterica|subsp.|enterica|serovar|Kentucky]	NZ_CP038023.1	81.443	194	36	0	41	234	63025	62444	4.6400000000000006e-110	339.0
ICEberg|213_IME|gi|7492389959|ref|ACK44543.1||Tnp26|[Salmonella|enterica|subsp.|enterica|serovar|Kentucky]	NZ_CP038023.1	81.89	127	23	0	108	234	61175	60795	7.38e-69	221.0
ICEberg|213_IME|gi|7492389959|ref|ACK44543.1||Tnp26|[Salmonella|enterica|subsp.|enterica|serovar|Kentucky]	NZ_CP038023.1	70.492	61	16	1	142	200	40794	40976	3.26e-22	87.4
ICEberg|214_IME|gi|1262684774|ref|AUV50438.1||resolvase|[Proteus|mirabilis]	NZ_CP038023.1	35.294	187	113	4	3	185	78594	78046	9.310000000000001e-21	81.6
ICEberg|214_IME|gi|1262684775|ref|AUV50439.1||Tnp26|[Proteus|mirabilis]	NZ_CP038023.1	84.615	234	36	0	1	234	63776	63075	1.91e-139	424.0
ICEberg|214_IME|gi|1262684775|ref|AUV50439.1||Tnp26|[Proteus|mirabilis]	NZ_CP038023.1	81.443	194	36	0	41	234	63025	62444	4.6400000000000006e-110	339.0
ICEberg|214_IME|gi|1262684775|ref|AUV50439.1||Tnp26|[Proteus|mirabilis]	NZ_CP038023.1	81.89	127	23	0	108	234	61175	60795	7.38e-69	221.0
ICEberg|214_IME|gi|1262684775|ref|AUV50439.1||Tnp26|[Proteus|mirabilis]	NZ_CP038023.1	70.492	61	16	1	142	200	40794	40976	3.26e-22	87.4
ICEberg|214_IME|gi|1262684781|ref|AUV50445.1||MerR|[Proteus|mirabilis]	NZ_CP038023.1	32.759	116	76	1	4	117	71709	71362	7.7e-16	65.9
ICEberg|214_IME|gi|1262684783|ref|AUV50447.1||MerP|[Proteus|mirabilis]	NZ_CP038023.1	40.0	60	35	1	26	85	55259	55435	1.45e-07	39.7
ICEberg|214_IME|gi|1262684788|ref|AUV50452.1||IS6100|transposase|[Proteus|mirabilis]	NZ_CP038023.1	66.525	236	75	3	11	244	63776	63075	5.890000000000001e-103	320.0
ICEberg|214_IME|gi|1262684788|ref|AUV50452.1||IS6100|transposase|[Proteus|mirabilis]	NZ_CP038023.1	63.776	196	67	3	51	244	63025	62444	1.61e-78	250.0
ICEberg|214_IME|gi|1262684788|ref|AUV50452.1||IS6100|transposase|[Proteus|mirabilis]	NZ_CP038023.1	59.055	127	49	2	119	244	61169	60795	2.01e-42	147.0
ICEberg|214_IME|gi|1262684788|ref|AUV50452.1||IS6100|transposase|[Proteus|mirabilis]	NZ_CP038023.1	52.459	61	27	1	151	209	40794	40976	8.14e-13	60.5
ICEberg|214_IME|gi|1262684793|ref|AUV50457.1||Tnp26|[Proteus|mirabilis]	NZ_CP038023.1	84.188	234	37	0	1	234	63776	63075	4.3399999999999994e-138	420.0
ICEberg|214_IME|gi|1262684793|ref|AUV50457.1||Tnp26|[Proteus|mirabilis]	NZ_CP038023.1	81.443	194	36	0	41	234	63025	62444	7.46e-110	339.0
ICEberg|214_IME|gi|1262684793|ref|AUV50457.1||Tnp26|[Proteus|mirabilis]	NZ_CP038023.1	81.89	127	23	0	108	234	61175	60795	7.169999999999999e-69	221.0
ICEberg|214_IME|gi|1262684793|ref|AUV50457.1||Tnp26|[Proteus|mirabilis]	NZ_CP038023.1	70.492	61	16	1	142	200	40794	40976	3.48e-22	87.4
ICEberg|214_IME|gi|1262684794|ref|AUV50458.1||Tn2|resolvase|[Proteus|mirabilis]	NZ_CP038023.1	29.891	184	116	3	5	180	78585	78049	4.58e-22	85.1
ICEberg|214_IME|gi|1262684796|ref|AUV50460.1||Tnp26|[Proteus|mirabilis]	NZ_CP038023.1	84.615	234	36	0	1	234	63776	63075	1.91e-139	424.0
ICEberg|214_IME|gi|1262684796|ref|AUV50460.1||Tnp26|[Proteus|mirabilis]	NZ_CP038023.1	81.443	194	36	0	41	234	63025	62444	4.6400000000000006e-110	339.0
ICEberg|214_IME|gi|1262684796|ref|AUV50460.1||Tnp26|[Proteus|mirabilis]	NZ_CP038023.1	81.89	127	23	0	108	234	61175	60795	7.38e-69	221.0
ICEberg|214_IME|gi|1262684796|ref|AUV50460.1||Tnp26|[Proteus|mirabilis]	NZ_CP038023.1	70.492	61	16	1	142	200	40794	40976	3.26e-22	87.4
ICEberg|214_IME|gi|1262684800|ref|AUV50464.1||Tnp26|[Proteus|mirabilis]	NZ_CP038023.1	84.615	234	36	0	1	234	63776	63075	1.91e-139	424.0
ICEberg|214_IME|gi|1262684800|ref|AUV50464.1||Tnp26|[Proteus|mirabilis]	NZ_CP038023.1	81.443	194	36	0	41	234	63025	62444	4.6400000000000006e-110	339.0
ICEberg|214_IME|gi|1262684800|ref|AUV50464.1||Tnp26|[Proteus|mirabilis]	NZ_CP038023.1	81.89	127	23	0	108	234	61175	60795	7.38e-69	221.0
ICEberg|214_IME|gi|1262684800|ref|AUV50464.1||Tnp26|[Proteus|mirabilis]	NZ_CP038023.1	70.492	61	16	1	142	200	40794	40976	3.26e-22	87.4
ICEberg|214_IME|gi|1262684803|ref|AUV50467.1||Tnp26|[Proteus|mirabilis]	NZ_CP038023.1	84.615	234	36	0	1	234	63776	63075	1.91e-139	424.0
ICEberg|214_IME|gi|1262684803|ref|AUV50467.1||Tnp26|[Proteus|mirabilis]	NZ_CP038023.1	81.443	194	36	0	41	234	63025	62444	4.6400000000000006e-110	339.0
ICEberg|214_IME|gi|1262684803|ref|AUV50467.1||Tnp26|[Proteus|mirabilis]	NZ_CP038023.1	81.89	127	23	0	108	234	61175	60795	7.38e-69	221.0
ICEberg|214_IME|gi|1262684803|ref|AUV50467.1||Tnp26|[Proteus|mirabilis]	NZ_CP038023.1	70.492	61	16	1	142	200	40794	40976	3.26e-22	87.4
ICEberg|215_IME|gi|9476586600|ref|SFV91168.1||site-specific|DNA|recombinase|[Morganella|morganii]	NZ_CP038023.1	35.979	189	109	5	9	191	78594	78046	7.88e-22	85.1
ICEberg|218_IME|gi|4258255396|ref|AIW55334.1||resolvase|[Proteus|mirabilis]	NZ_CP038023.1	35.294	187	113	4	3	185	78594	78046	9.310000000000001e-21	81.6
ICEberg|218_IME|gi|4258255404|ref|AIW55324.1||IS6100|transposase|[Proteus|mirabilis]	NZ_CP038023.1	66.102	236	76	3	11	244	63776	63075	9.71e-102	317.0
ICEberg|218_IME|gi|4258255404|ref|AIW55324.1||IS6100|transposase|[Proteus|mirabilis]	NZ_CP038023.1	63.265	196	68	3	51	244	63025	62444	2.7800000000000003e-77	247.0
ICEberg|218_IME|gi|4258255404|ref|AIW55324.1||IS6100|transposase|[Proteus|mirabilis]	NZ_CP038023.1	59.055	127	49	2	119	244	61169	60795	2.7899999999999998e-42	146.0
ICEberg|218_IME|gi|4258255404|ref|AIW55324.1||IS6100|transposase|[Proteus|mirabilis]	NZ_CP038023.1	52.459	61	27	1	151	209	40794	40976	8.36e-13	60.5
ICEberg|219_IME|gi|7623596897|ref|ACH85874.1||putative|transposase|protein|[Salmonella|enterica|subsp.|enterica|serovar|Kentucky]	NZ_CP038023.1	84.472	161	25	0	1	161	63776	63294	2.13e-96	296.0
ICEberg|219_IME|gi|7623596897|ref|ACH85874.1||putative|transposase|protein|[Salmonella|enterica|subsp.|enterica|serovar|Kentucky]	NZ_CP038023.1	79.339	121	25	0	41	161	63025	62663	3.7099999999999996e-67	213.0
ICEberg|219_IME|gi|7623596897|ref|ACH85874.1||putative|transposase|protein|[Salmonella|enterica|subsp.|enterica|serovar|Kentucky]	NZ_CP038023.1	77.778	54	12	0	108	161	61175	61014	1.32e-25	94.4
ICEberg|220_IME|gi|4699231339|ref|ACH85876.1||putative|transposase|protein|[Salmonella|enterica|subsp.|enterica|serovar|Kentucky]	NZ_CP038023.1	85.938	192	27	0	1	192	63776	63201	1.72e-116	356.0
ICEberg|220_IME|gi|4699231339|ref|ACH85876.1||putative|transposase|protein|[Salmonella|enterica|subsp.|enterica|serovar|Kentucky]	NZ_CP038023.1	82.237	152	27	0	41	192	63025	62570	2.83e-87	272.0
ICEberg|220_IME|gi|4699231339|ref|ACH85876.1||putative|transposase|protein|[Salmonella|enterica|subsp.|enterica|serovar|Kentucky]	NZ_CP038023.1	83.529	85	14	0	108	192	61175	60921	5.73e-46	154.0
ICEberg|220_IME|gi|4699231339|ref|ACH85876.1||putative|transposase|protein|[Salmonella|enterica|subsp.|enterica|serovar|Kentucky]	NZ_CP038023.1	74.51	51	13	0	142	192	40794	40946	1.36e-20	81.3
ICEberg|221_IME|gi|3974749019|ref|AUV50383.1||resolvase|[Proteus|mirabilis]	NZ_CP038023.1	34.759	187	114	4	3	185	78594	78046	3.17e-20	80.1
ICEberg|221_IME|gi|3974749030|ref|AUV50394.1||Tnp26|[Proteus|mirabilis]	NZ_CP038023.1	84.615	234	36	0	1	234	63776	63075	1.91e-139	424.0
ICEberg|221_IME|gi|3974749030|ref|AUV50394.1||Tnp26|[Proteus|mirabilis]	NZ_CP038023.1	81.443	194	36	0	41	234	63025	62444	4.6400000000000006e-110	339.0
ICEberg|221_IME|gi|3974749030|ref|AUV50394.1||Tnp26|[Proteus|mirabilis]	NZ_CP038023.1	81.89	127	23	0	108	234	61175	60795	7.38e-69	221.0
ICEberg|221_IME|gi|3974749030|ref|AUV50394.1||Tnp26|[Proteus|mirabilis]	NZ_CP038023.1	70.492	61	16	1	142	200	40794	40976	3.26e-22	87.4
ICEberg|221_IME|gi|3974749032|ref|AUV50396.1||Tnp26|[Proteus|mirabilis]	NZ_CP038023.1	84.615	234	36	0	1	234	63776	63075	1.91e-139	424.0
ICEberg|221_IME|gi|3974749032|ref|AUV50396.1||Tnp26|[Proteus|mirabilis]	NZ_CP038023.1	81.443	194	36	0	41	234	63025	62444	4.6400000000000006e-110	339.0
ICEberg|221_IME|gi|3974749032|ref|AUV50396.1||Tnp26|[Proteus|mirabilis]	NZ_CP038023.1	81.89	127	23	0	108	234	61175	60795	7.38e-69	221.0
ICEberg|221_IME|gi|3974749032|ref|AUV50396.1||Tnp26|[Proteus|mirabilis]	NZ_CP038023.1	70.492	61	16	1	142	200	40794	40976	3.26e-22	87.4
ICEberg|221_IME|gi|3974749039|ref|AUV50403.1||Tnp26|[Proteus|mirabilis]	NZ_CP038023.1	84.615	234	36	0	1	234	63776	63075	1.91e-139	424.0
ICEberg|221_IME|gi|3974749039|ref|AUV50403.1||Tnp26|[Proteus|mirabilis]	NZ_CP038023.1	81.443	194	36	0	41	234	63025	62444	4.6400000000000006e-110	339.0
ICEberg|221_IME|gi|3974749039|ref|AUV50403.1||Tnp26|[Proteus|mirabilis]	NZ_CP038023.1	81.89	127	23	0	108	234	61175	60795	7.38e-69	221.0
ICEberg|221_IME|gi|3974749039|ref|AUV50403.1||Tnp26|[Proteus|mirabilis]	NZ_CP038023.1	70.492	61	16	1	142	200	40794	40976	3.26e-22	87.4
ICEberg|221_IME|gi|3974749046|ref|AUV50410.1||IS6100|transposase|[Proteus|mirabilis]	NZ_CP038023.1	66.102	236	76	3	1	234	63776	63075	7.26e-102	317.0
ICEberg|221_IME|gi|3974749046|ref|AUV50410.1||IS6100|transposase|[Proteus|mirabilis]	NZ_CP038023.1	63.265	196	68	3	41	234	63025	62444	1.88e-77	247.0
ICEberg|221_IME|gi|3974749046|ref|AUV50410.1||IS6100|transposase|[Proteus|mirabilis]	NZ_CP038023.1	59.055	127	49	2	109	234	61169	60795	1.79e-42	146.0
ICEberg|221_IME|gi|3974749046|ref|AUV50410.1||IS6100|transposase|[Proteus|mirabilis]	NZ_CP038023.1	52.459	61	27	1	141	199	40794	40976	7.59e-13	60.1
ICEberg|222_IME|gi|6636838453|ref|AGK06929.1||resolvase|[Proteus|mirabilis]	NZ_CP038023.1	35.294	187	113	4	3	185	78594	78046	9.310000000000001e-21	81.6
ICEberg|222_IME|gi|6636838461|ref|AGK06937.1||IS6100|transposase|[Proteus|mirabilis]	NZ_CP038023.1	66.102	236	76	3	11	244	63776	63075	9.71e-102	317.0
ICEberg|222_IME|gi|6636838461|ref|AGK06937.1||IS6100|transposase|[Proteus|mirabilis]	NZ_CP038023.1	63.265	196	68	3	51	244	63025	62444	2.7800000000000003e-77	247.0
ICEberg|222_IME|gi|6636838461|ref|AGK06937.1||IS6100|transposase|[Proteus|mirabilis]	NZ_CP038023.1	59.055	127	49	2	119	244	61169	60795	2.7899999999999998e-42	146.0
ICEberg|222_IME|gi|6636838461|ref|AGK06937.1||IS6100|transposase|[Proteus|mirabilis]	NZ_CP038023.1	52.459	61	27	1	151	209	40794	40976	8.36e-13	60.5
ICEberg|223_IME|gi|1996367439|ref|ACH85878.1||putative|transposase|protein|[Salmonella|enterica|subsp.|enterica|serovar|Kentucky]	NZ_CP038023.1	84.615	234	36	0	1	234	63776	63075	1.91e-139	424.0
ICEberg|223_IME|gi|1996367439|ref|ACH85878.1||putative|transposase|protein|[Salmonella|enterica|subsp.|enterica|serovar|Kentucky]	NZ_CP038023.1	81.443	194	36	0	41	234	63025	62444	4.6400000000000006e-110	339.0
ICEberg|223_IME|gi|1996367439|ref|ACH85878.1||putative|transposase|protein|[Salmonella|enterica|subsp.|enterica|serovar|Kentucky]	NZ_CP038023.1	81.89	127	23	0	108	234	61175	60795	7.38e-69	221.0
ICEberg|223_IME|gi|1996367439|ref|ACH85878.1||putative|transposase|protein|[Salmonella|enterica|subsp.|enterica|serovar|Kentucky]	NZ_CP038023.1	70.492	61	16	1	142	200	40794	40976	3.26e-22	87.4
ICEberg|225_IME|gi|4522572765|ref|ACH85880.1||putative|transposase|protein|[Salmonella|enterica|subsp.|enterica|serovar|Kentucky]	NZ_CP038023.1	84.615	234	36	0	1	234	63776	63075	1.91e-139	424.0
ICEberg|225_IME|gi|4522572765|ref|ACH85880.1||putative|transposase|protein|[Salmonella|enterica|subsp.|enterica|serovar|Kentucky]	NZ_CP038023.1	81.443	194	36	0	41	234	63025	62444	4.6400000000000006e-110	339.0
ICEberg|225_IME|gi|4522572765|ref|ACH85880.1||putative|transposase|protein|[Salmonella|enterica|subsp.|enterica|serovar|Kentucky]	NZ_CP038023.1	81.89	127	23	0	108	234	61175	60795	7.38e-69	221.0
ICEberg|225_IME|gi|4522572765|ref|ACH85880.1||putative|transposase|protein|[Salmonella|enterica|subsp.|enterica|serovar|Kentucky]	NZ_CP038023.1	70.492	61	16	1	142	200	40794	40976	3.26e-22	87.4
ICEberg|226_IME|gi|1869344363|ref|ACN62081.1||TnpA6100|[Salmonella|enterica|subsp.|enterica|serovar|Paratyphi|B]	NZ_CP038023.1	66.102	236	76	3	1	234	63776	63075	7.26e-102	317.0
ICEberg|226_IME|gi|1869344363|ref|ACN62081.1||TnpA6100|[Salmonella|enterica|subsp.|enterica|serovar|Paratyphi|B]	NZ_CP038023.1	63.265	196	68	3	41	234	63025	62444	1.88e-77	247.0
ICEberg|226_IME|gi|1869344363|ref|ACN62081.1||TnpA6100|[Salmonella|enterica|subsp.|enterica|serovar|Paratyphi|B]	NZ_CP038023.1	59.055	127	49	2	109	234	61169	60795	1.79e-42	146.0
ICEberg|226_IME|gi|1869344363|ref|ACN62081.1||TnpA6100|[Salmonella|enterica|subsp.|enterica|serovar|Paratyphi|B]	NZ_CP038023.1	52.459	61	27	1	141	199	40794	40976	7.59e-13	60.1
ICEberg|230_IME|gi|1292646393|ref|AED98718.1||resolvase|[Proteus|mirabilis]	NZ_CP038023.1	34.759	187	114	4	3	185	78594	78046	2.23e-20	80.5
ICEberg|230_IME|gi|1292646412|ref|AED98737.1||IS6100|transposase|[Proteus|mirabilis]	NZ_CP038023.1	66.102	236	76	3	11	244	63776	63075	9.71e-102	317.0
ICEberg|230_IME|gi|1292646412|ref|AED98737.1||IS6100|transposase|[Proteus|mirabilis]	NZ_CP038023.1	63.265	196	68	3	51	244	63025	62444	2.7800000000000003e-77	247.0
ICEberg|230_IME|gi|1292646412|ref|AED98737.1||IS6100|transposase|[Proteus|mirabilis]	NZ_CP038023.1	59.055	127	49	2	119	244	61169	60795	2.7899999999999998e-42	146.0
ICEberg|230_IME|gi|1292646412|ref|AED98737.1||IS6100|transposase|[Proteus|mirabilis]	NZ_CP038023.1	52.459	61	27	1	151	209	40794	40976	8.36e-13	60.5
ICEberg|231_IME|gi|8652373514|ref|AIW55371.1||resolvase|[Proteus|mirabilis]	NZ_CP038023.1	35.294	187	113	4	3	185	78594	78046	9.310000000000001e-21	81.6
ICEberg|231_IME|gi|8652373522|ref|AIW55363.1||IS6100|transposase|[Proteus|mirabilis]	NZ_CP038023.1	66.102	236	76	3	11	244	63776	63075	9.71e-102	317.0
ICEberg|231_IME|gi|8652373522|ref|AIW55363.1||IS6100|transposase|[Proteus|mirabilis]	NZ_CP038023.1	63.265	196	68	3	51	244	63025	62444	2.7800000000000003e-77	247.0
ICEberg|231_IME|gi|8652373522|ref|AIW55363.1||IS6100|transposase|[Proteus|mirabilis]	NZ_CP038023.1	59.055	127	49	2	119	244	61169	60795	2.7899999999999998e-42	146.0
ICEberg|231_IME|gi|8652373522|ref|AIW55363.1||IS6100|transposase|[Proteus|mirabilis]	NZ_CP038023.1	52.459	61	27	1	151	209	40794	40976	8.36e-13	60.5
ICEberg|232_IME|gi|8326595540|ref|AIW55514.1||resolvase|[Proteus|mirabilis]	NZ_CP038023.1	35.294	187	113	4	3	185	78594	78046	9.310000000000001e-21	81.6
ICEberg|232_IME|gi|8326595551|ref|AIW55503.1||IS6100|transposase|[Proteus|mirabilis]	NZ_CP038023.1	66.102	236	76	3	11	244	63776	63075	9.71e-102	317.0
ICEberg|232_IME|gi|8326595551|ref|AIW55503.1||IS6100|transposase|[Proteus|mirabilis]	NZ_CP038023.1	63.265	196	68	3	51	244	63025	62444	2.7800000000000003e-77	247.0
ICEberg|232_IME|gi|8326595551|ref|AIW55503.1||IS6100|transposase|[Proteus|mirabilis]	NZ_CP038023.1	59.055	127	49	2	119	244	61169	60795	2.7899999999999998e-42	146.0
ICEberg|232_IME|gi|8326595551|ref|AIW55503.1||IS6100|transposase|[Proteus|mirabilis]	NZ_CP038023.1	52.459	61	27	1	151	209	40794	40976	8.36e-13	60.5
ICEberg|233_IME|gi|1696521596|ref|AIW55292.1||resolvase|[Proteus|mirabilis]	NZ_CP038023.1	35.294	187	113	4	3	185	78594	78046	9.310000000000001e-21	81.6
ICEberg|233_IME|gi|1696521604|ref|AIW55284.1||IS6100|transposase|[Proteus|mirabilis]	NZ_CP038023.1	66.102	236	76	3	11	244	63776	63075	9.71e-102	317.0
ICEberg|233_IME|gi|1696521604|ref|AIW55284.1||IS6100|transposase|[Proteus|mirabilis]	NZ_CP038023.1	63.265	196	68	3	51	244	63025	62444	2.7800000000000003e-77	247.0
ICEberg|233_IME|gi|1696521604|ref|AIW55284.1||IS6100|transposase|[Proteus|mirabilis]	NZ_CP038023.1	59.055	127	49	2	119	244	61169	60795	2.7899999999999998e-42	146.0
ICEberg|233_IME|gi|1696521604|ref|AIW55284.1||IS6100|transposase|[Proteus|mirabilis]	NZ_CP038023.1	52.459	61	27	1	151	209	40794	40976	8.36e-13	60.5
ICEberg|234_IME|gi|3254839511|ref|AKL59912.1||resolvase|[Proteus|mirabilis]	NZ_CP038023.1	35.294	187	113	4	3	185	78594	78046	9.310000000000001e-21	81.6
ICEberg|234_IME|gi|3254839520|ref|AKL59921.1||transposase|[Proteus|mirabilis]	NZ_CP038023.1	66.102	236	76	3	11	244	63776	63075	9.71e-102	317.0
ICEberg|234_IME|gi|3254839520|ref|AKL59921.1||transposase|[Proteus|mirabilis]	NZ_CP038023.1	63.265	196	68	3	51	244	63025	62444	2.7800000000000003e-77	247.0
ICEberg|234_IME|gi|3254839520|ref|AKL59921.1||transposase|[Proteus|mirabilis]	NZ_CP038023.1	59.055	127	49	2	119	244	61169	60795	2.7899999999999998e-42	146.0
ICEberg|234_IME|gi|3254839520|ref|AKL59921.1||transposase|[Proteus|mirabilis]	NZ_CP038023.1	52.459	61	27	1	151	209	40794	40976	8.36e-13	60.5
ICEberg|235_IME|gi|5227589573|ref|ACS32049.1||Tnp6100|[Salmonella|enterica|subsp.|enterica]	NZ_CP038023.1	66.102	236	76	3	11	244	63776	63075	9.71e-102	317.0
ICEberg|235_IME|gi|5227589573|ref|ACS32049.1||Tnp6100|[Salmonella|enterica|subsp.|enterica]	NZ_CP038023.1	63.265	196	68	3	51	244	63025	62444	2.7800000000000003e-77	247.0
ICEberg|235_IME|gi|5227589573|ref|ACS32049.1||Tnp6100|[Salmonella|enterica|subsp.|enterica]	NZ_CP038023.1	59.055	127	49	2	119	244	61169	60795	2.7899999999999998e-42	146.0
ICEberg|235_IME|gi|5227589573|ref|ACS32049.1||Tnp6100|[Salmonella|enterica|subsp.|enterica]	NZ_CP038023.1	52.459	61	27	1	151	209	40794	40976	8.36e-13	60.5
ICEberg|235_IME|gi|5227589578|ref|ACD85600.1||Res|[Salmonella|enterica|subsp.|enterica]	NZ_CP038023.1	35.294	187	113	4	3	185	78594	78046	9.310000000000001e-21	81.6
ICEberg|246_IME|gi|3922338148|ref|CBE04540.1||two-component|response|regulator|[Clostridioides|difficile|R20291]	NZ_CP038023.1	33.624	229	144	5	20	246	44573	45241	6.26e-39	136.0
ICEberg|246_IME|gi|3922338149|ref|CBE04541.1||sensor|protein|[Clostridioides|difficile|R20291]	NZ_CP038023.1	23.293	249	178	7	63	305	45897	46622	2.86e-16	71.6
ICEberg|247_IME|gi|3922338175|ref|CBE04585.1||putative|uncharacterized|protein|[Clostridioides|difficile|R20291]	NZ_CP038023.1	29.885	87	59	1	12	96	44705	44965	8.65e-09	47.0
ICEberg|252_IME|gi|9176322593|ref|ANE23617.1||ResG|[Salmonella|enterica|subsp.|enterica|serovar|Infantis]	NZ_CP038023.1	35.294	187	113	4	3	185	78594	78046	9.310000000000001e-21	81.6
ICEberg|252_IME|gi|9176322602|ref|ANE23624.1||Tnp6100|[Salmonella|enterica|subsp.|enterica|serovar|Infantis]	NZ_CP038023.1	66.102	236	76	3	11	244	63776	63075	9.71e-102	317.0
ICEberg|252_IME|gi|9176322602|ref|ANE23624.1||Tnp6100|[Salmonella|enterica|subsp.|enterica|serovar|Infantis]	NZ_CP038023.1	63.265	196	68	3	51	244	63025	62444	2.7800000000000003e-77	247.0
ICEberg|252_IME|gi|9176322602|ref|ANE23624.1||Tnp6100|[Salmonella|enterica|subsp.|enterica|serovar|Infantis]	NZ_CP038023.1	59.055	127	49	2	119	244	61169	60795	2.7899999999999998e-42	146.0
ICEberg|252_IME|gi|9176322602|ref|ANE23624.1||Tnp6100|[Salmonella|enterica|subsp.|enterica|serovar|Infantis]	NZ_CP038023.1	52.459	61	27	1	151	209	40794	40976	8.36e-13	60.5
ICEberg|253_IME|gi|3961272949|ref|AIG56624.1||resolvase|[Proteus|mirabilis]	NZ_CP038023.1	34.759	187	114	4	3	185	78594	78046	2.18e-20	80.5
ICEberg|253_IME|gi|3961272959|ref|AIG56634.1||TnpR|resolvase|[Proteus|mirabilis]	NZ_CP038023.1	29.891	184	116	3	5	180	78585	78049	4.58e-22	85.1
ICEberg|253_IME|gi|3961272961|ref|AIG56636.1||Tn21|MerR|[Proteus|mirabilis]	NZ_CP038023.1	32.759	116	76	1	4	117	71709	71362	8.91e-16	65.5
ICEberg|253_IME|gi|3961272967|ref|AIG56642.1||IS26|transposase|[Proteus|mirabilis]	NZ_CP038023.1	85.345	232	34	0	1	232	63776	63081	2.1899999999999998e-139	424.0
ICEberg|253_IME|gi|3961272967|ref|AIG56642.1||IS26|transposase|[Proteus|mirabilis]	NZ_CP038023.1	82.292	192	34	0	41	232	63025	62450	5.63e-110	339.0
ICEberg|253_IME|gi|3961272967|ref|AIG56642.1||IS26|transposase|[Proteus|mirabilis]	NZ_CP038023.1	83.2	125	21	0	108	232	61175	60801	1.08e-68	221.0
ICEberg|253_IME|gi|3961272967|ref|AIG56642.1||IS26|transposase|[Proteus|mirabilis]	NZ_CP038023.1	70.492	61	16	1	142	200	40794	40976	3.22e-22	87.4
ICEberg|253_IME|gi|3961272975|ref|AIG56650.1||resolvase|[Proteus|mirabilis]	NZ_CP038023.1	31.217	189	118	4	3	188	78588	78049	1.08e-19	79.0
ICEberg|253_IME|gi|3961272979|ref|AIG56654.1||mercuric|ion|reductase|[Proteus|mirabilis]	NZ_CP038023.1	32.258	62	42	0	3	64	55460	55645	4.62e-08	47.8
ICEberg|253_IME|gi|3961272983|ref|AIG56657.1||MerR|regulatory|protein|[Proteus|mirabilis]	NZ_CP038023.1	32.759	116	76	1	4	117	71709	71362	5.85e-17	68.9
ICEberg|253_IME|gi|3961272984|ref|AIG56658.1||resolvase|[Proteus|mirabilis]	NZ_CP038023.1	51.064	188	90	1	1	186	78603	78040	8.14e-57	184.0
ICEberg|253_IME|gi|3961272990|ref|AIG56664.1||resolvase|[Proteus|mirabilis]	NZ_CP038023.1	51.351	185	88	1	1	183	78603	78049	7.76e-55	179.0
ICEberg|253_IME|gi|3961273004|ref|AIG56678.1||resolvase|[Proteus|mirabilis]	NZ_CP038023.1	34.161	161	105	1	5	164	78534	78052	5e-17	70.5
ICEberg|253_IME|gi|3961273005|ref|AIG56679.1||IS26|transposase|[Proteus|mirabilis]	NZ_CP038023.1	85.345	232	34	0	1	232	63776	63081	2.1899999999999998e-139	424.0
ICEberg|253_IME|gi|3961273005|ref|AIG56679.1||IS26|transposase|[Proteus|mirabilis]	NZ_CP038023.1	82.292	192	34	0	41	232	63025	62450	5.63e-110	339.0
ICEberg|253_IME|gi|3961273005|ref|AIG56679.1||IS26|transposase|[Proteus|mirabilis]	NZ_CP038023.1	83.2	125	21	0	108	232	61175	60801	1.08e-68	221.0
ICEberg|253_IME|gi|3961273005|ref|AIG56679.1||IS26|transposase|[Proteus|mirabilis]	NZ_CP038023.1	70.492	61	16	1	142	200	40794	40976	3.22e-22	87.4
ICEberg|254_IME|gi|9873341255|ref|AJS16026.1||TnpA|[Proteus|mirabilis]	NZ_CP038023.1	84.615	234	36	0	1	234	63776	63075	1.91e-139	424.0
ICEberg|254_IME|gi|9873341255|ref|AJS16026.1||TnpA|[Proteus|mirabilis]	NZ_CP038023.1	81.443	194	36	0	41	234	63025	62444	4.6400000000000006e-110	339.0
ICEberg|254_IME|gi|9873341255|ref|AJS16026.1||TnpA|[Proteus|mirabilis]	NZ_CP038023.1	81.89	127	23	0	108	234	61175	60795	7.38e-69	221.0
ICEberg|254_IME|gi|9873341255|ref|AJS16026.1||TnpA|[Proteus|mirabilis]	NZ_CP038023.1	70.492	61	16	1	142	200	40794	40976	3.26e-22	87.4
ICEberg|254_IME|gi|9873341264|ref|AJS16033.1||transposase|[Proteus|mirabilis]	NZ_CP038023.1	65.678	236	77	3	13	246	63776	63075	4.88e-101	315.0
ICEberg|254_IME|gi|9873341264|ref|AJS16033.1||transposase|[Proteus|mirabilis]	NZ_CP038023.1	62.755	196	69	3	53	246	63025	62444	1.36e-76	245.0
ICEberg|254_IME|gi|9873341264|ref|AJS16033.1||transposase|[Proteus|mirabilis]	NZ_CP038023.1	59.055	127	49	2	121	246	61169	60795	2.6999999999999997e-42	146.0
ICEberg|254_IME|gi|9873341264|ref|AJS16033.1||transposase|[Proteus|mirabilis]	NZ_CP038023.1	52.459	61	27	1	153	211	40794	40976	8.55e-13	60.5
ICEberg|254_IME|gi|9873341268|ref|AJS16037.1||TnpA|[Proteus|mirabilis]	NZ_CP038023.1	84.615	234	36	0	1	234	63776	63075	1.91e-139	424.0
ICEberg|254_IME|gi|9873341268|ref|AJS16037.1||TnpA|[Proteus|mirabilis]	NZ_CP038023.1	81.443	194	36	0	41	234	63025	62444	4.6400000000000006e-110	339.0
ICEberg|254_IME|gi|9873341268|ref|AJS16037.1||TnpA|[Proteus|mirabilis]	NZ_CP038023.1	81.89	127	23	0	108	234	61175	60795	7.38e-69	221.0
ICEberg|254_IME|gi|9873341268|ref|AJS16037.1||TnpA|[Proteus|mirabilis]	NZ_CP038023.1	70.492	61	16	1	142	200	40794	40976	3.26e-22	87.4
ICEberg|254_IME|gi|9873341274|ref|AJS15988.1||resolvase|[Proteus|mirabilis]	NZ_CP038023.1	35.294	187	113	4	3	185	78594	78046	9.310000000000001e-21	81.6
ICEberg|254_IME|gi|9873341281|ref|AJS16020.1||IS6100|transposase|[Proteus|mirabilis]	NZ_CP038023.1	66.102	236	76	3	11	244	63776	63075	9.71e-102	317.0
ICEberg|254_IME|gi|9873341281|ref|AJS16020.1||IS6100|transposase|[Proteus|mirabilis]	NZ_CP038023.1	63.265	196	68	3	51	244	63025	62444	2.7800000000000003e-77	247.0
ICEberg|254_IME|gi|9873341281|ref|AJS16020.1||IS6100|transposase|[Proteus|mirabilis]	NZ_CP038023.1	59.055	127	49	2	119	244	61169	60795	2.7899999999999998e-42	146.0
ICEberg|254_IME|gi|9873341281|ref|AJS16020.1||IS6100|transposase|[Proteus|mirabilis]	NZ_CP038023.1	52.459	61	27	1	151	209	40794	40976	8.36e-13	60.5
ICEberg|255_IME|gi|6978718963|ref|AOG18098.1||resolvase|[Proteus|mirabilis]	NZ_CP038023.1	35.294	187	113	4	3	185	78594	78046	9.310000000000001e-21	81.6
ICEberg|255_IME|gi|6978718970|ref|AOG18073.1||IS6100|transposase|[Proteus|mirabilis]	NZ_CP038023.1	66.102	236	76	3	11	244	63776	63075	9.71e-102	317.0
ICEberg|255_IME|gi|6978718970|ref|AOG18073.1||IS6100|transposase|[Proteus|mirabilis]	NZ_CP038023.1	63.265	196	68	3	51	244	63025	62444	2.7800000000000003e-77	247.0
ICEberg|255_IME|gi|6978718970|ref|AOG18073.1||IS6100|transposase|[Proteus|mirabilis]	NZ_CP038023.1	59.055	127	49	2	119	244	61169	60795	2.7899999999999998e-42	146.0
ICEberg|255_IME|gi|6978718970|ref|AOG18073.1||IS6100|transposase|[Proteus|mirabilis]	NZ_CP038023.1	52.459	61	27	1	151	209	40794	40976	8.36e-13	60.5
ICEberg|256_IME|gi|5321992585|ref|ACH56526.1||transposase|protein|[Salmonella|enterica|subsp.|enterica|serovar|Virchow]	NZ_CP038023.1	64.398	191	64	3	1	189	63641	63075	6.27e-77	243.0
ICEberg|256_IME|gi|5321992585|ref|ACH56526.1||transposase|protein|[Salmonella|enterica|subsp.|enterica|serovar|Virchow]	NZ_CP038023.1	63.351	191	66	3	1	189	63010	62444	3.57e-76	241.0
ICEberg|256_IME|gi|5321992585|ref|ACH56526.1||transposase|protein|[Salmonella|enterica|subsp.|enterica|serovar|Virchow]	NZ_CP038023.1	59.055	127	49	2	64	189	61169	60795	3.67e-43	146.0
ICEberg|256_IME|gi|5321992585|ref|ACH56526.1||transposase|protein|[Salmonella|enterica|subsp.|enterica|serovar|Virchow]	NZ_CP038023.1	52.459	61	27	1	96	154	40794	40976	2.73e-13	60.5
ICEberg|258_IME|gi|2268797793|ref|AEF33831.1||transposase|[Salmonella|enterica|subsp.|enterica|serovar|Virchow]	NZ_CP038023.1	65.517	203	66	3	1	201	63677	63075	1.04e-84	266.0
ICEberg|258_IME|gi|2268797793|ref|AEF33831.1||transposase|[Salmonella|enterica|subsp.|enterica|serovar|Virchow]	NZ_CP038023.1	63.265	196	68	3	8	201	63025	62444	1.36e-78	249.0
ICEberg|258_IME|gi|2268797793|ref|AEF33831.1||transposase|[Salmonella|enterica|subsp.|enterica|serovar|Virchow]	NZ_CP038023.1	59.055	127	49	2	76	201	61169	60795	4.6300000000000005e-43	147.0
ICEberg|258_IME|gi|2268797793|ref|AEF33831.1||transposase|[Salmonella|enterica|subsp.|enterica|serovar|Virchow]	NZ_CP038023.1	52.459	61	27	1	108	166	40794	40976	3.33e-13	60.5
ICEberg|260_IME|gi|3944175338|ref|ACH85854.1||putative|transposase|[Salmonella|enterica|subsp.|enterica|serovar|Kentucky]	NZ_CP038023.1	84.188	234	37	0	1	234	63776	63075	7.119999999999999e-139	422.0
ICEberg|260_IME|gi|3944175338|ref|ACH85854.1||putative|transposase|[Salmonella|enterica|subsp.|enterica|serovar|Kentucky]	NZ_CP038023.1	80.928	194	37	0	41	234	63025	62444	2.86e-109	337.0
ICEberg|260_IME|gi|3944175338|ref|ACH85854.1||putative|transposase|[Salmonella|enterica|subsp.|enterica|serovar|Kentucky]	NZ_CP038023.1	81.89	127	23	0	108	234	61175	60795	9.48e-69	221.0
ICEberg|260_IME|gi|3944175338|ref|ACH85854.1||putative|transposase|[Salmonella|enterica|subsp.|enterica|serovar|Kentucky]	NZ_CP038023.1	70.492	61	16	1	142	200	40794	40976	3.51e-22	87.4
ICEberg|260_IME|gi|3944175339|ref|ACH85855.1||putative|resolvase|protein|[Salmonella|enterica|subsp.|enterica|serovar|Kentucky]	NZ_CP038023.1	29.891	184	116	3	5	180	78585	78049	4.58e-22	85.1
ICEberg|260_IME|gi|3944175341|ref|ACH85857.1||putative|transposase|protein|[Salmonella|enterica|subsp.|enterica|serovar|Kentucky]	NZ_CP038023.1	84.615	234	36	0	1	234	63776	63075	1.91e-139	424.0
ICEberg|260_IME|gi|3944175341|ref|ACH85857.1||putative|transposase|protein|[Salmonella|enterica|subsp.|enterica|serovar|Kentucky]	NZ_CP038023.1	81.443	194	36	0	41	234	63025	62444	4.6400000000000006e-110	339.0
ICEberg|260_IME|gi|3944175341|ref|ACH85857.1||putative|transposase|protein|[Salmonella|enterica|subsp.|enterica|serovar|Kentucky]	NZ_CP038023.1	81.89	127	23	0	108	234	61175	60795	7.38e-69	221.0
ICEberg|260_IME|gi|3944175341|ref|ACH85857.1||putative|transposase|protein|[Salmonella|enterica|subsp.|enterica|serovar|Kentucky]	NZ_CP038023.1	70.492	61	16	1	142	200	40794	40976	3.26e-22	87.4
ICEberg|261_IME|gi|2324987502|ref|AGF35025.1||resolvase|[Proteus|mirabilis]	NZ_CP038023.1	35.294	187	113	4	3	185	78594	78046	9.310000000000001e-21	81.6
ICEberg|261_IME|gi|2324987509|ref|AGF35032.1||IS6100|transposase|[Proteus|mirabilis]	NZ_CP038023.1	66.102	236	76	3	11	244	63776	63075	9.71e-102	317.0
ICEberg|261_IME|gi|2324987509|ref|AGF35032.1||IS6100|transposase|[Proteus|mirabilis]	NZ_CP038023.1	63.265	196	68	3	51	244	63025	62444	2.7800000000000003e-77	247.0
ICEberg|261_IME|gi|2324987509|ref|AGF35032.1||IS6100|transposase|[Proteus|mirabilis]	NZ_CP038023.1	59.055	127	49	2	119	244	61169	60795	2.7899999999999998e-42	146.0
ICEberg|261_IME|gi|2324987509|ref|AGF35032.1||IS6100|transposase|[Proteus|mirabilis]	NZ_CP038023.1	52.459	61	27	1	151	209	40794	40976	8.36e-13	60.5
ICEberg|262_IME|gi|1591812347|ref|AGF34985.1||resolvase|[Proteus|mirabilis]	NZ_CP038023.1	35.294	187	113	4	3	185	78594	78046	9.310000000000001e-21	81.6
ICEberg|262_IME|gi|1591812355|ref|AGF34993.1||IS6100|transposase|[Proteus|mirabilis]	NZ_CP038023.1	66.102	236	76	3	11	244	63776	63075	9.71e-102	317.0
ICEberg|262_IME|gi|1591812355|ref|AGF34993.1||IS6100|transposase|[Proteus|mirabilis]	NZ_CP038023.1	63.265	196	68	3	51	244	63025	62444	2.7800000000000003e-77	247.0
ICEberg|262_IME|gi|1591812355|ref|AGF34993.1||IS6100|transposase|[Proteus|mirabilis]	NZ_CP038023.1	59.055	127	49	2	119	244	61169	60795	2.7899999999999998e-42	146.0
ICEberg|262_IME|gi|1591812355|ref|AGF34993.1||IS6100|transposase|[Proteus|mirabilis]	NZ_CP038023.1	52.459	61	27	1	151	209	40794	40976	8.36e-13	60.5
ICEberg|263_IME|gi|5222783919|ref|AGK07070.1||resolvase|[Proteus|mirabilis]	NZ_CP038023.1	35.294	187	113	4	3	185	78594	78046	9.310000000000001e-21	81.6
ICEberg|263_IME|gi|5222783925|ref|AGK07076.1||IS6100|transposase|[Proteus|mirabilis]	NZ_CP038023.1	66.525	236	75	3	11	244	63776	63075	5.890000000000001e-103	320.0
ICEberg|263_IME|gi|5222783925|ref|AGK07076.1||IS6100|transposase|[Proteus|mirabilis]	NZ_CP038023.1	63.776	196	67	3	51	244	63025	62444	1.61e-78	250.0
ICEberg|263_IME|gi|5222783925|ref|AGK07076.1||IS6100|transposase|[Proteus|mirabilis]	NZ_CP038023.1	59.055	127	49	2	119	244	61169	60795	2.01e-42	147.0
ICEberg|263_IME|gi|5222783925|ref|AGK07076.1||IS6100|transposase|[Proteus|mirabilis]	NZ_CP038023.1	52.459	61	27	1	151	209	40794	40976	8.14e-13	60.5
ICEberg|263_IME|gi|5222783930|ref|AGK07081.1||MerP|[Proteus|mirabilis]	NZ_CP038023.1	40.0	60	35	1	26	85	55259	55435	1.45e-07	39.7
ICEberg|263_IME|gi|5222783932|ref|AGK07083.1||MerR|[Proteus|mirabilis]	NZ_CP038023.1	32.759	116	76	1	4	117	71709	71362	7.7e-16	65.9
ICEberg|263_IME|gi|5222783941|ref|AGK07092.1||IS26|transposase|[Proteus|mirabilis]	NZ_CP038023.1	84.615	234	36	0	1	234	63776	63075	1.91e-139	424.0
ICEberg|263_IME|gi|5222783941|ref|AGK07092.1||IS26|transposase|[Proteus|mirabilis]	NZ_CP038023.1	81.443	194	36	0	41	234	63025	62444	4.6400000000000006e-110	339.0
ICEberg|263_IME|gi|5222783941|ref|AGK07092.1||IS26|transposase|[Proteus|mirabilis]	NZ_CP038023.1	81.89	127	23	0	108	234	61175	60795	7.38e-69	221.0
ICEberg|263_IME|gi|5222783941|ref|AGK07092.1||IS26|transposase|[Proteus|mirabilis]	NZ_CP038023.1	70.492	61	16	1	142	200	40794	40976	3.26e-22	87.4
ICEberg|263_IME|gi|5222783943|ref|AGK07094.1||Tn2|resolvase|[Proteus|mirabilis]	NZ_CP038023.1	29.891	184	116	3	5	180	78585	78049	4.58e-22	85.1
ICEberg|263_IME|gi|5222783944|ref|AGK07095.1||IS26|transposase|[Proteus|mirabilis]	NZ_CP038023.1	84.615	234	36	0	1	234	63776	63075	1.91e-139	424.0
ICEberg|263_IME|gi|5222783944|ref|AGK07095.1||IS26|transposase|[Proteus|mirabilis]	NZ_CP038023.1	81.443	194	36	0	41	234	63025	62444	4.6400000000000006e-110	339.0
ICEberg|263_IME|gi|5222783944|ref|AGK07095.1||IS26|transposase|[Proteus|mirabilis]	NZ_CP038023.1	81.89	127	23	0	108	234	61175	60795	7.38e-69	221.0
ICEberg|263_IME|gi|5222783944|ref|AGK07095.1||IS26|transposase|[Proteus|mirabilis]	NZ_CP038023.1	70.492	61	16	1	142	200	40794	40976	3.26e-22	87.4
ICEberg|263_IME|gi|5222783946|ref|AGK07097.1||IS26|transposase|[Proteus|mirabilis]	NZ_CP038023.1	84.615	234	36	0	1	234	63776	63075	1.91e-139	424.0
ICEberg|263_IME|gi|5222783946|ref|AGK07097.1||IS26|transposase|[Proteus|mirabilis]	NZ_CP038023.1	81.443	194	36	0	41	234	63025	62444	4.6400000000000006e-110	339.0
ICEberg|263_IME|gi|5222783946|ref|AGK07097.1||IS26|transposase|[Proteus|mirabilis]	NZ_CP038023.1	81.89	127	23	0	108	234	61175	60795	7.38e-69	221.0
ICEberg|263_IME|gi|5222783946|ref|AGK07097.1||IS26|transposase|[Proteus|mirabilis]	NZ_CP038023.1	70.492	61	16	1	142	200	40794	40976	3.26e-22	87.4
ICEberg|263_IME|gi|5222783962|ref|AGK07113.1||IS6100|transposase|[Proteus|mirabilis]	NZ_CP038023.1	66.102	236	76	3	11	244	63776	63075	9.71e-102	317.0
ICEberg|263_IME|gi|5222783962|ref|AGK07113.1||IS6100|transposase|[Proteus|mirabilis]	NZ_CP038023.1	63.265	196	68	3	51	244	63025	62444	2.7800000000000003e-77	247.0
ICEberg|263_IME|gi|5222783962|ref|AGK07113.1||IS6100|transposase|[Proteus|mirabilis]	NZ_CP038023.1	59.055	127	49	2	119	244	61169	60795	2.7899999999999998e-42	146.0
ICEberg|263_IME|gi|5222783962|ref|AGK07113.1||IS6100|transposase|[Proteus|mirabilis]	NZ_CP038023.1	52.459	61	27	1	151	209	40794	40976	8.36e-13	60.5
ICEberg|264_IME|gi|5424883381|ref|AGF35059.1||resolvase|[Proteus|mirabilis]	NZ_CP038023.1	35.294	187	113	4	3	185	78594	78046	9.310000000000001e-21	81.6
ICEberg|264_IME|gi|5424883389|ref|AGF35067.1||IS6100|transposase|[Proteus|mirabilis]	NZ_CP038023.1	66.102	236	76	3	11	244	63776	63075	9.71e-102	317.0
ICEberg|264_IME|gi|5424883389|ref|AGF35067.1||IS6100|transposase|[Proteus|mirabilis]	NZ_CP038023.1	63.265	196	68	3	51	244	63025	62444	2.7800000000000003e-77	247.0
ICEberg|264_IME|gi|5424883389|ref|AGF35067.1||IS6100|transposase|[Proteus|mirabilis]	NZ_CP038023.1	59.055	127	49	2	119	244	61169	60795	2.7899999999999998e-42	146.0
ICEberg|264_IME|gi|5424883389|ref|AGF35067.1||IS6100|transposase|[Proteus|mirabilis]	NZ_CP038023.1	52.459	61	27	1	151	209	40794	40976	8.36e-13	60.5
ICEberg|265_IME|gi|7814371777|ref|AGK06966.1||resolvase|[Proteus|mirabilis]	NZ_CP038023.1	35.294	187	113	4	3	185	78594	78046	9.310000000000001e-21	81.6
ICEberg|265_IME|gi|7814371794|ref|AGK06983.1||IS6100|transposase|[Proteus|mirabilis]	NZ_CP038023.1	66.102	236	76	3	11	244	63776	63075	9.71e-102	317.0
ICEberg|265_IME|gi|7814371794|ref|AGK06983.1||IS6100|transposase|[Proteus|mirabilis]	NZ_CP038023.1	63.265	196	68	3	51	244	63025	62444	2.7800000000000003e-77	247.0
ICEberg|265_IME|gi|7814371794|ref|AGK06983.1||IS6100|transposase|[Proteus|mirabilis]	NZ_CP038023.1	59.055	127	49	2	119	244	61169	60795	2.7899999999999998e-42	146.0
ICEberg|265_IME|gi|7814371794|ref|AGK06983.1||IS6100|transposase|[Proteus|mirabilis]	NZ_CP038023.1	52.459	61	27	1	151	209	40794	40976	8.36e-13	60.5
ICEberg|266_IME|gi|6376331799|ref|AGK07012.1||resolvase|[Proteus|mirabilis]	NZ_CP038023.1	35.294	187	113	4	3	185	78594	78046	9.310000000000001e-21	81.6
ICEberg|266_IME|gi|6376331805|ref|AGK07018.1||IS6100|transposase|[Proteus|mirabilis]	NZ_CP038023.1	66.525	236	75	3	11	244	63776	63075	5.890000000000001e-103	320.0
ICEberg|266_IME|gi|6376331805|ref|AGK07018.1||IS6100|transposase|[Proteus|mirabilis]	NZ_CP038023.1	63.776	196	67	3	51	244	63025	62444	1.61e-78	250.0
ICEberg|266_IME|gi|6376331805|ref|AGK07018.1||IS6100|transposase|[Proteus|mirabilis]	NZ_CP038023.1	59.055	127	49	2	119	244	61169	60795	2.01e-42	147.0
ICEberg|266_IME|gi|6376331805|ref|AGK07018.1||IS6100|transposase|[Proteus|mirabilis]	NZ_CP038023.1	52.459	61	27	1	151	209	40794	40976	8.14e-13	60.5
ICEberg|266_IME|gi|6376331810|ref|AGK07023.1||MerP|[Proteus|mirabilis]	NZ_CP038023.1	40.0	60	35	1	26	85	55259	55435	1.45e-07	39.7
ICEberg|266_IME|gi|6376331812|ref|AGK07025.1||MerR|[Proteus|mirabilis]	NZ_CP038023.1	32.759	116	76	1	4	117	71709	71362	7.7e-16	65.9
ICEberg|266_IME|gi|6376331821|ref|AGK07034.1||IS26|transposase|[Proteus|mirabilis]	NZ_CP038023.1	84.615	234	36	0	1	234	63776	63075	1.91e-139	424.0
ICEberg|266_IME|gi|6376331821|ref|AGK07034.1||IS26|transposase|[Proteus|mirabilis]	NZ_CP038023.1	81.443	194	36	0	41	234	63025	62444	4.6400000000000006e-110	339.0
ICEberg|266_IME|gi|6376331821|ref|AGK07034.1||IS26|transposase|[Proteus|mirabilis]	NZ_CP038023.1	81.89	127	23	0	108	234	61175	60795	7.38e-69	221.0
ICEberg|266_IME|gi|6376331821|ref|AGK07034.1||IS26|transposase|[Proteus|mirabilis]	NZ_CP038023.1	70.492	61	16	1	142	200	40794	40976	3.26e-22	87.4
ICEberg|266_IME|gi|6376331823|ref|AGK07036.1||Tn2|resolvase|[Proteus|mirabilis]	NZ_CP038023.1	29.891	184	116	3	5	180	78585	78049	4.58e-22	85.1
ICEberg|266_IME|gi|6376331824|ref|AGK07037.1||IS26|transposase|[Proteus|mirabilis]	NZ_CP038023.1	84.615	234	36	0	1	234	63776	63075	1.91e-139	424.0
ICEberg|266_IME|gi|6376331824|ref|AGK07037.1||IS26|transposase|[Proteus|mirabilis]	NZ_CP038023.1	81.443	194	36	0	41	234	63025	62444	4.6400000000000006e-110	339.0
ICEberg|266_IME|gi|6376331824|ref|AGK07037.1||IS26|transposase|[Proteus|mirabilis]	NZ_CP038023.1	81.89	127	23	0	108	234	61175	60795	7.38e-69	221.0
ICEberg|266_IME|gi|6376331824|ref|AGK07037.1||IS26|transposase|[Proteus|mirabilis]	NZ_CP038023.1	70.492	61	16	1	142	200	40794	40976	3.26e-22	87.4
ICEberg|266_IME|gi|6376331826|ref|AGK07039.1||IS26|transposase|[Proteus|mirabilis]	NZ_CP038023.1	84.615	234	36	0	1	234	63776	63075	1.91e-139	424.0
ICEberg|266_IME|gi|6376331826|ref|AGK07039.1||IS26|transposase|[Proteus|mirabilis]	NZ_CP038023.1	81.443	194	36	0	41	234	63025	62444	4.6400000000000006e-110	339.0
ICEberg|266_IME|gi|6376331826|ref|AGK07039.1||IS26|transposase|[Proteus|mirabilis]	NZ_CP038023.1	81.89	127	23	0	108	234	61175	60795	7.38e-69	221.0
ICEberg|266_IME|gi|6376331826|ref|AGK07039.1||IS26|transposase|[Proteus|mirabilis]	NZ_CP038023.1	70.492	61	16	1	142	200	40794	40976	3.26e-22	87.4
ICEberg|266_IME|gi|6376331829|ref|AGK07042.1||IS6100|transposase|[Proteus|mirabilis]	NZ_CP038023.1	66.102	236	76	3	11	244	63776	63075	9.71e-102	317.0
ICEberg|266_IME|gi|6376331829|ref|AGK07042.1||IS6100|transposase|[Proteus|mirabilis]	NZ_CP038023.1	63.265	196	68	3	51	244	63025	62444	2.7800000000000003e-77	247.0
ICEberg|266_IME|gi|6376331829|ref|AGK07042.1||IS6100|transposase|[Proteus|mirabilis]	NZ_CP038023.1	59.055	127	49	2	119	244	61169	60795	2.7899999999999998e-42	146.0
ICEberg|266_IME|gi|6376331829|ref|AGK07042.1||IS6100|transposase|[Proteus|mirabilis]	NZ_CP038023.1	52.459	61	27	1	151	209	40794	40976	8.36e-13	60.5
ICEberg|8_IME|gi|3773467206|ref|AOE47834.1||ArsB|[Pseudomonas|aeruginosa]	NZ_CP038023.1	29.412	323	207	5	13	324	80202	81140	2.05e-35	129.0
ICEberg|8_IME|gi|3773467207|ref|AOE47835.1||ArsC|[Pseudomonas|aeruginosa]	NZ_CP038023.1	38.217	157	94	1	9	165	79729	80190	2.8999999999999998e-34	119.0
ICEberg|8_IME|gi|3773467208|ref|AOE47836.1||ArsH|[Pseudomonas|aeruginosa]	NZ_CP038023.1	56.557	244	99	4	4	242	81220	81945	1.1100000000000001e-85	271.0
ICEberg|8_IME|gi|3773467208|ref|AOE47836.1||ArsH|[Pseudomonas|aeruginosa]	NZ_CP038023.1	55.789	95	36	2	70	159	40780	40499	1.6100000000000002e-27	103.0
ICEberg|8_IME|gi|3773467210|ref|AOE47838.1||ResG|[Pseudomonas|aeruginosa]	NZ_CP038023.1	29.87	154	89	4	16	169	78582	78178	1.16e-07	44.3
